split,category,sample_id,raw_zip_relative_path,label_zip_relative_path,raw_zip_public_url,label_zip_public_url,raw_zip_name,label_zip_name,video_member_name,label_member_name
1.Training,T자형교차로,bb_1_120608_vehicle_192_024,1.Training/raw_data_231108_add/TS_차대차_영상_T자형교차로.zip,1.Training/label_data_231108_add/TL_차대차_영상_T자형교차로.zip,https://data.taeo-dev.com/dataset/traffic/1.Training/raw_data_231108_add/TS_%EC%B0%A8%EB%8C%80%EC%B0%A8_%EC%98%81%EC%83%81_T%EC%9E%90%ED%98%95%EA%B5%90%EC%B0%A8%EB%A1%9C.zip,https://data.taeo-dev.com/dataset/traffic/1.Training/label_data_231108_add/TL_%EC%B0%A8%EB%8C%80%EC%B0%A8_%EC%98%81%EC%83%81_T%EC%9E%90%ED%98%95%EA%B5%90%EC%B0%A8%EB%A1%9C.zip,TS_차대차_영상_T자형교차로.zip,TL_차대차_영상_T자형교차로.zip,bb_1_120608_vehicle_192_024.mp4,bb_1_120608_vehicle_192_024.json
1.Training,T자형교차로,bb_1_141128_vehicle_21_044,1.Training/raw_data_231108_add/TS_차대차_영상_T자형교차로.zip,1.Training/label_data_231108_add/TL_차대차_영상_T자형교차로.zip,https://data.taeo-dev.com/dataset/traffic/1.Training/raw_data_231108_add/TS_%EC%B0%A8%EB%8C%80%EC%B0%A8_%EC%98%81%EC%83%81_T%EC%9E%90%ED%98%95%EA%B5%90%EC%B0%A8%EB%A1%9C.zip,https://data.taeo-dev.com/dataset/traffic/1.Training/label_data_231108_add/TL_%EC%B0%A8%EB%8C%80%EC%B0%A8_%EC%98%81%EC%83%81_T%EC%9E%90%ED%98%95%EA%B5%90%EC%B0%A8%EB%A1%9C.zip,TS_차대차_영상_T자형교차로.zip,TL_차대차_영상_T자형교차로.zip,bb_1_141128_vehicle_21_044.mp4,bb_1_141128_vehicle_21_044.json
1.Training,T자형교차로,bb_1_150301_vehicle_41_158,1.Training/raw_data_231108_add/TS_차대차_영상_T자형교차로.zip,1.Training/label_data_231108_add/TL_차대차_영상_T자형교차로.zip,https://data.taeo-dev.com/dataset/traffic/1.Training/raw_data_231108_add/TS_%EC%B0%A8%EB%8C%80%EC%B0%A8_%EC%98%81%EC%83%81_T%EC%9E%90%ED%98%95%EA%B5%90%EC%B0%A8%EB%A1%9C.zip,https://data.taeo-dev.com/dataset/traffic/1.Training/label_data_231108_add/TL_%EC%B0%A8%EB%8C%80%EC%B0%A8_%EC%98%81%EC%83%81_T%EC%9E%90%ED%98%95%EA%B5%90%EC%B0%A8%EB%A1%9C.zip,TS_차대차_영상_T자형교차로.zip,TL_차대차_영상_T자형교차로.zip,bb_1_150301_vehicle_41_158.mp4,bb_1_150301_vehicle_41_158.json
1.Training,T자형교차로,bb_1_150530_vehicle_224_23223,1.Training/raw_data_231108_add/TS_차대차_영상_T자형교차로.zip,1.Training/label_data_231108_add/TL_차대차_영상_T자형교차로.zip,https://data.taeo-dev.com/dataset/traffic/1.Training/raw_data_231108_add/TS_%EC%B0%A8%EB%8C%80%EC%B0%A8_%EC%98%81%EC%83%81_T%EC%9E%90%ED%98%95%EA%B5%90%EC%B0%A8%EB%A1%9C.zip,https://data.taeo-dev.com/dataset/traffic/1.Training/label_data_231108_add/TL_%EC%B0%A8%EB%8C%80%EC%B0%A8_%EC%98%81%EC%83%81_T%EC%9E%90%ED%98%95%EA%B5%90%EC%B0%A8%EB%A1%9C.zip,TS_차대차_영상_T자형교차로.zip,TL_차대차_영상_T자형교차로.zip,bb_1_150530_vehicle_224_23223.mp4,bb_1_150530_vehicle_224_23223.json
1.Training,T자형교차로,bb_1_160427_vehicle_144_025,1.Training/raw_data_231108_add/TS_차대차_영상_T자형교차로.zip,1.Training/label_data_231108_add/TL_차대차_영상_T자형교차로.zip,https://data.taeo-dev.com/dataset/traffic/1.Training/raw_data_231108_add/TS_%EC%B0%A8%EB%8C%80%EC%B0%A8_%EC%98%81%EC%83%81_T%EC%9E%90%ED%98%95%EA%B5%90%EC%B0%A8%EB%A1%9C.zip,https://data.taeo-dev.com/dataset/traffic/1.Training/label_data_231108_add/TL_%EC%B0%A8%EB%8C%80%EC%B0%A8_%EC%98%81%EC%83%81_T%EC%9E%90%ED%98%95%EA%B5%90%EC%B0%A8%EB%A1%9C.zip,TS_차대차_영상_T자형교차로.zip,TL_차대차_영상_T자형교차로.zip,bb_1_160427_vehicle_144_025.mp4,bb_1_160427_vehicle_144_025.json
1.Training,T자형교차로,bb_1_160704_vehicle_187_050,1.Training/raw_data_231108_add/TS_차대차_영상_T자형교차로.zip,1.Training/label_data_231108_add/TL_차대차_영상_T자형교차로.zip,https://data.taeo-dev.com/dataset/traffic/1.Training/raw_data_231108_add/TS_%EC%B0%A8%EB%8C%80%EC%B0%A8_%EC%98%81%EC%83%81_T%EC%9E%90%ED%98%95%EA%B5%90%EC%B0%A8%EB%A1%9C.zip,https://data.taeo-dev.com/dataset/traffic/1.Training/label_data_231108_add/TL_%EC%B0%A8%EB%8C%80%EC%B0%A8_%EC%98%81%EC%83%81_T%EC%9E%90%ED%98%95%EA%B5%90%EC%B0%A8%EB%A1%9C.zip,TS_차대차_영상_T자형교차로.zip,TL_차대차_영상_T자형교차로.zip,bb_1_160704_vehicle_187_050.mp4,bb_1_160704_vehicle_187_050.json
1.Training,T자형교차로,bb_1_160920_vehicle_144_232,1.Training/raw_data_231108_add/TS_차대차_영상_T자형교차로.zip,1.Training/label_data_231108_add/TL_차대차_영상_T자형교차로.zip,https://data.taeo-dev.com/dataset/traffic/1.Training/raw_data_231108_add/TS_%EC%B0%A8%EB%8C%80%EC%B0%A8_%EC%98%81%EC%83%81_T%EC%9E%90%ED%98%95%EA%B5%90%EC%B0%A8%EB%A1%9C.zip,https://data.taeo-dev.com/dataset/traffic/1.Training/label_data_231108_add/TL_%EC%B0%A8%EB%8C%80%EC%B0%A8_%EC%98%81%EC%83%81_T%EC%9E%90%ED%98%95%EA%B5%90%EC%B0%A8%EB%A1%9C.zip,TS_차대차_영상_T자형교차로.zip,TL_차대차_영상_T자형교차로.zip,bb_1_160920_vehicle_144_232.mp4,bb_1_160920_vehicle_144_232.json
1.Training,T자형교차로,bb_1_191112_vehicle_142_085,1.Training/raw_data_231108_add/TS_차대차_영상_T자형교차로.zip,1.Training/label_data_231108_add/TL_차대차_영상_T자형교차로.zip,https://data.taeo-dev.com/dataset/traffic/1.Training/raw_data_231108_add/TS_%EC%B0%A8%EB%8C%80%EC%B0%A8_%EC%98%81%EC%83%81_T%EC%9E%90%ED%98%95%EA%B5%90%EC%B0%A8%EB%A1%9C.zip,https://data.taeo-dev.com/dataset/traffic/1.Training/label_data_231108_add/TL_%EC%B0%A8%EB%8C%80%EC%B0%A8_%EC%98%81%EC%83%81_T%EC%9E%90%ED%98%95%EA%B5%90%EC%B0%A8%EB%A1%9C.zip,TS_차대차_영상_T자형교차로.zip,TL_차대차_영상_T자형교차로.zip,bb_1_191112_vehicle_142_085.mp4,bb_1_191112_vehicle_142_085.json
1.Training,T자형교차로,bb_1_201120_vehicle_13_013,1.Training/raw_data_231108_add/TS_차대차_영상_T자형교차로.zip,1.Training/label_data_231108_add/TL_차대차_영상_T자형교차로.zip,https://data.taeo-dev.com/dataset/traffic/1.Training/raw_data_231108_add/TS_%EC%B0%A8%EB%8C%80%EC%B0%A8_%EC%98%81%EC%83%81_T%EC%9E%90%ED%98%95%EA%B5%90%EC%B0%A8%EB%A1%9C.zip,https://data.taeo-dev.com/dataset/traffic/1.Training/label_data_231108_add/TL_%EC%B0%A8%EB%8C%80%EC%B0%A8_%EC%98%81%EC%83%81_T%EC%9E%90%ED%98%95%EA%B5%90%EC%B0%A8%EB%A1%9C.zip,TS_차대차_영상_T자형교차로.zip,TL_차대차_영상_T자형교차로.zip,bb_1_201120_vehicle_13_013.mp4,bb_1_201120_vehicle_13_013.json
1.Training,T자형교차로,bb_1_210201_vehicle_236_31703,1.Training/raw_data_231108_add/TS_차대차_영상_T자형교차로.zip,1.Training/label_data_231108_add/TL_차대차_영상_T자형교차로.zip,https://data.taeo-dev.com/dataset/traffic/1.Training/raw_data_231108_add/TS_%EC%B0%A8%EB%8C%80%EC%B0%A8_%EC%98%81%EC%83%81_T%EC%9E%90%ED%98%95%EA%B5%90%EC%B0%A8%EB%A1%9C.zip,https://data.taeo-dev.com/dataset/traffic/1.Training/label_data_231108_add/TL_%EC%B0%A8%EB%8C%80%EC%B0%A8_%EC%98%81%EC%83%81_T%EC%9E%90%ED%98%95%EA%B5%90%EC%B0%A8%EB%A1%9C.zip,TS_차대차_영상_T자형교차로.zip,TL_차대차_영상_T자형교차로.zip,bb_1_210201_vehicle_236_31703.mp4,bb_1_210201_vehicle_236_31703.json
1.Training,고속도로(자동차전용도로)포함,bb_1_130317_vehicle_314_116,1.Training/raw_data_231108_add/TS_차대차_영상_고속도로(자동차전용도로)포함.zip,1.Training/label_data_231108_add/TL_차대차_영상_고속도로(자동차전용도로)포함.zip,https://data.taeo-dev.com/dataset/traffic/1.Training/raw_data_231108_add/TS_%EC%B0%A8%EB%8C%80%EC%B0%A8_%EC%98%81%EC%83%81_%EA%B3%A0%EC%86%8D%EB%8F%84%EB%A1%9C%28%EC%9E%90%EB%8F%99%EC%B0%A8%EC%A0%84%EC%9A%A9%EB%8F%84%EB%A1%9C%29%ED%8F%AC%ED%95%A8.zip,https://data.taeo-dev.com/dataset/traffic/1.Training/label_data_231108_add/TL_%EC%B0%A8%EB%8C%80%EC%B0%A8_%EC%98%81%EC%83%81_%EA%B3%A0%EC%86%8D%EB%8F%84%EB%A1%9C%28%EC%9E%90%EB%8F%99%EC%B0%A8%EC%A0%84%EC%9A%A9%EB%8F%84%EB%A1%9C%29%ED%8F%AC%ED%95%A8.zip,TS_차대차_영상_고속도로(자동차전용도로)포함.zip,TL_차대차_영상_고속도로(자동차전용도로)포함.zip,bb_1_130317_vehicle_314_116.mp4,bb_1_130317_vehicle_314_116.json
1.Training,고속도로(자동차전용도로)포함,bb_1_130525_vehicle_238_22311,1.Training/raw_data_231108_add/TS_차대차_영상_고속도로(자동차전용도로)포함.zip,1.Training/label_data_231108_add/TL_차대차_영상_고속도로(자동차전용도로)포함.zip,https://data.taeo-dev.com/dataset/traffic/1.Training/raw_data_231108_add/TS_%EC%B0%A8%EB%8C%80%EC%B0%A8_%EC%98%81%EC%83%81_%EA%B3%A0%EC%86%8D%EB%8F%84%EB%A1%9C%28%EC%9E%90%EB%8F%99%EC%B0%A8%EC%A0%84%EC%9A%A9%EB%8F%84%EB%A1%9C%29%ED%8F%AC%ED%95%A8.zip,https://data.taeo-dev.com/dataset/traffic/1.Training/label_data_231108_add/TL_%EC%B0%A8%EB%8C%80%EC%B0%A8_%EC%98%81%EC%83%81_%EA%B3%A0%EC%86%8D%EB%8F%84%EB%A1%9C%28%EC%9E%90%EB%8F%99%EC%B0%A8%EC%A0%84%EC%9A%A9%EB%8F%84%EB%A1%9C%29%ED%8F%AC%ED%95%A8.zip,TS_차대차_영상_고속도로(자동차전용도로)포함.zip,TL_차대차_영상_고속도로(자동차전용도로)포함.zip,bb_1_130525_vehicle_238_22311.mp4,bb_1_130525_vehicle_238_22311.json
1.Training,고속도로(자동차전용도로)포함,bb_1_130629_vehicle_213_21986,1.Training/raw_data_231108_add/TS_차대차_영상_고속도로(자동차전용도로)포함.zip,1.Training/label_data_231108_add/TL_차대차_영상_고속도로(자동차전용도로)포함.zip,https://data.taeo-dev.com/dataset/traffic/1.Training/raw_data_231108_add/TS_%EC%B0%A8%EB%8C%80%EC%B0%A8_%EC%98%81%EC%83%81_%EA%B3%A0%EC%86%8D%EB%8F%84%EB%A1%9C%28%EC%9E%90%EB%8F%99%EC%B0%A8%EC%A0%84%EC%9A%A9%EB%8F%84%EB%A1%9C%29%ED%8F%AC%ED%95%A8.zip,https://data.taeo-dev.com/dataset/traffic/1.Training/label_data_231108_add/TL_%EC%B0%A8%EB%8C%80%EC%B0%A8_%EC%98%81%EC%83%81_%EA%B3%A0%EC%86%8D%EB%8F%84%EB%A1%9C%28%EC%9E%90%EB%8F%99%EC%B0%A8%EC%A0%84%EC%9A%A9%EB%8F%84%EB%A1%9C%29%ED%8F%AC%ED%95%A8.zip,TS_차대차_영상_고속도로(자동차전용도로)포함.zip,TL_차대차_영상_고속도로(자동차전용도로)포함.zip,bb_1_130629_vehicle_213_21986.mp4,bb_1_130629_vehicle_213_21986.json
1.Training,고속도로(자동차전용도로)포함,bb_1_150918_vehicle_258_32001,1.Training/raw_data_231108_add/TS_차대차_영상_고속도로(자동차전용도로)포함.zip,1.Training/label_data_231108_add/TL_차대차_영상_고속도로(자동차전용도로)포함.zip,https://data.taeo-dev.com/dataset/traffic/1.Training/raw_data_231108_add/TS_%EC%B0%A8%EB%8C%80%EC%B0%A8_%EC%98%81%EC%83%81_%EA%B3%A0%EC%86%8D%EB%8F%84%EB%A1%9C%28%EC%9E%90%EB%8F%99%EC%B0%A8%EC%A0%84%EC%9A%A9%EB%8F%84%EB%A1%9C%29%ED%8F%AC%ED%95%A8.zip,https://data.taeo-dev.com/dataset/traffic/1.Training/label_data_231108_add/TL_%EC%B0%A8%EB%8C%80%EC%B0%A8_%EC%98%81%EC%83%81_%EA%B3%A0%EC%86%8D%EB%8F%84%EB%A1%9C%28%EC%9E%90%EB%8F%99%EC%B0%A8%EC%A0%84%EC%9A%A9%EB%8F%84%EB%A1%9C%29%ED%8F%AC%ED%95%A8.zip,TS_차대차_영상_고속도로(자동차전용도로)포함.zip,TL_차대차_영상_고속도로(자동차전용도로)포함.zip,bb_1_150918_vehicle_258_32001.mp4,bb_1_150918_vehicle_258_32001.json
1.Training,고속도로(자동차전용도로)포함,bb_1_151121_vehicle_245_22101,1.Training/raw_data_231108_add/TS_차대차_영상_고속도로(자동차전용도로)포함.zip,1.Training/label_data_231108_add/TL_차대차_영상_고속도로(자동차전용도로)포함.zip,https://data.taeo-dev.com/dataset/traffic/1.Training/raw_data_231108_add/TS_%EC%B0%A8%EB%8C%80%EC%B0%A8_%EC%98%81%EC%83%81_%EA%B3%A0%EC%86%8D%EB%8F%84%EB%A1%9C%28%EC%9E%90%EB%8F%99%EC%B0%A8%EC%A0%84%EC%9A%A9%EB%8F%84%EB%A1%9C%29%ED%8F%AC%ED%95%A8.zip,https://data.taeo-dev.com/dataset/traffic/1.Training/label_data_231108_add/TL_%EC%B0%A8%EB%8C%80%EC%B0%A8_%EC%98%81%EC%83%81_%EA%B3%A0%EC%86%8D%EB%8F%84%EB%A1%9C%28%EC%9E%90%EB%8F%99%EC%B0%A8%EC%A0%84%EC%9A%A9%EB%8F%84%EB%A1%9C%29%ED%8F%AC%ED%95%A8.zip,TS_차대차_영상_고속도로(자동차전용도로)포함.zip,TL_차대차_영상_고속도로(자동차전용도로)포함.zip,bb_1_151121_vehicle_245_22101.mp4,bb_1_151121_vehicle_245_22101.json
1.Training,고속도로(자동차전용도로)포함,bb_1_181109_vehicle_205_32806,1.Training/raw_data_231108_add/TS_차대차_영상_고속도로(자동차전용도로)포함.zip,1.Training/label_data_231108_add/TL_차대차_영상_고속도로(자동차전용도로)포함.zip,https://data.taeo-dev.com/dataset/traffic/1.Training/raw_data_231108_add/TS_%EC%B0%A8%EB%8C%80%EC%B0%A8_%EC%98%81%EC%83%81_%EA%B3%A0%EC%86%8D%EB%8F%84%EB%A1%9C%28%EC%9E%90%EB%8F%99%EC%B0%A8%EC%A0%84%EC%9A%A9%EB%8F%84%EB%A1%9C%29%ED%8F%AC%ED%95%A8.zip,https://data.taeo-dev.com/dataset/traffic/1.Training/label_data_231108_add/TL_%EC%B0%A8%EB%8C%80%EC%B0%A8_%EC%98%81%EC%83%81_%EA%B3%A0%EC%86%8D%EB%8F%84%EB%A1%9C%28%EC%9E%90%EB%8F%99%EC%B0%A8%EC%A0%84%EC%9A%A9%EB%8F%84%EB%A1%9C%29%ED%8F%AC%ED%95%A8.zip,TS_차대차_영상_고속도로(자동차전용도로)포함.zip,TL_차대차_영상_고속도로(자동차전용도로)포함.zip,bb_1_181109_vehicle_205_32806.mp4,bb_1_181109_vehicle_205_32806.json
1.Training,고속도로(자동차전용도로)포함,bb_1_190212_vehicle_37_113,1.Training/raw_data_231108_add/TS_차대차_영상_고속도로(자동차전용도로)포함.zip,1.Training/label_data_231108_add/TL_차대차_영상_고속도로(자동차전용도로)포함.zip,https://data.taeo-dev.com/dataset/traffic/1.Training/raw_data_231108_add/TS_%EC%B0%A8%EB%8C%80%EC%B0%A8_%EC%98%81%EC%83%81_%EA%B3%A0%EC%86%8D%EB%8F%84%EB%A1%9C%28%EC%9E%90%EB%8F%99%EC%B0%A8%EC%A0%84%EC%9A%A9%EB%8F%84%EB%A1%9C%29%ED%8F%AC%ED%95%A8.zip,https://data.taeo-dev.com/dataset/traffic/1.Training/label_data_231108_add/TL_%EC%B0%A8%EB%8C%80%EC%B0%A8_%EC%98%81%EC%83%81_%EA%B3%A0%EC%86%8D%EB%8F%84%EB%A1%9C%28%EC%9E%90%EB%8F%99%EC%B0%A8%EC%A0%84%EC%9A%A9%EB%8F%84%EB%A1%9C%29%ED%8F%AC%ED%95%A8.zip,TS_차대차_영상_고속도로(자동차전용도로)포함.zip,TL_차대차_영상_고속도로(자동차전용도로)포함.zip,bb_1_190212_vehicle_37_113.mp4,bb_1_190212_vehicle_37_113.json
1.Training,고속도로(자동차전용도로)포함,bb_3_130720_vehicle_108_132,1.Training/raw_data_231108_add/TS_차대차_영상_고속도로(자동차전용도로)포함.zip,1.Training/label_data_231108_add/TL_차대차_영상_고속도로(자동차전용도로)포함.zip,https://data.taeo-dev.com/dataset/traffic/1.Training/raw_data_231108_add/TS_%EC%B0%A8%EB%8C%80%EC%B0%A8_%EC%98%81%EC%83%81_%EA%B3%A0%EC%86%8D%EB%8F%84%EB%A1%9C%28%EC%9E%90%EB%8F%99%EC%B0%A8%EC%A0%84%EC%9A%A9%EB%8F%84%EB%A1%9C%29%ED%8F%AC%ED%95%A8.zip,https://data.taeo-dev.com/dataset/traffic/1.Training/label_data_231108_add/TL_%EC%B0%A8%EB%8C%80%EC%B0%A8_%EC%98%81%EC%83%81_%EA%B3%A0%EC%86%8D%EB%8F%84%EB%A1%9C%28%EC%9E%90%EB%8F%99%EC%B0%A8%EC%A0%84%EC%9A%A9%EB%8F%84%EB%A1%9C%29%ED%8F%AC%ED%95%A8.zip,TS_차대차_영상_고속도로(자동차전용도로)포함.zip,TL_차대차_영상_고속도로(자동차전용도로)포함.zip,bb_3_130720_vehicle_108_132.mp4,bb_3_130720_vehicle_108_132.json
1.Training,고속도로(자동차전용도로)포함,bb_3_180507_vehicle_45_264,1.Training/raw_data_231108_add/TS_차대차_영상_고속도로(자동차전용도로)포함.zip,1.Training/label_data_231108_add/TL_차대차_영상_고속도로(자동차전용도로)포함.zip,https://data.taeo-dev.com/dataset/traffic/1.Training/raw_data_231108_add/TS_%EC%B0%A8%EB%8C%80%EC%B0%A8_%EC%98%81%EC%83%81_%EA%B3%A0%EC%86%8D%EB%8F%84%EB%A1%9C%28%EC%9E%90%EB%8F%99%EC%B0%A8%EC%A0%84%EC%9A%A9%EB%8F%84%EB%A1%9C%29%ED%8F%AC%ED%95%A8.zip,https://data.taeo-dev.com/dataset/traffic/1.Training/label_data_231108_add/TL_%EC%B0%A8%EB%8C%80%EC%B0%A8_%EC%98%81%EC%83%81_%EA%B3%A0%EC%86%8D%EB%8F%84%EB%A1%9C%28%EC%9E%90%EB%8F%99%EC%B0%A8%EC%A0%84%EC%9A%A9%EB%8F%84%EB%A1%9C%29%ED%8F%AC%ED%95%A8.zip,TS_차대차_영상_고속도로(자동차전용도로)포함.zip,TL_차대차_영상_고속도로(자동차전용도로)포함.zip,bb_3_180507_vehicle_45_264.mp4,bb_3_180507_vehicle_45_264.json
1.Training,고속도로(자동차전용도로)포함,bb_3_200501_vehicle_202_20807,1.Training/raw_data_231108_add/TS_차대차_영상_고속도로(자동차전용도로)포함.zip,1.Training/label_data_231108_add/TL_차대차_영상_고속도로(자동차전용도로)포함.zip,https://data.taeo-dev.com/dataset/traffic/1.Training/raw_data_231108_add/TS_%EC%B0%A8%EB%8C%80%EC%B0%A8_%EC%98%81%EC%83%81_%EA%B3%A0%EC%86%8D%EB%8F%84%EB%A1%9C%28%EC%9E%90%EB%8F%99%EC%B0%A8%EC%A0%84%EC%9A%A9%EB%8F%84%EB%A1%9C%29%ED%8F%AC%ED%95%A8.zip,https://data.taeo-dev.com/dataset/traffic/1.Training/label_data_231108_add/TL_%EC%B0%A8%EB%8C%80%EC%B0%A8_%EC%98%81%EC%83%81_%EA%B3%A0%EC%86%8D%EB%8F%84%EB%A1%9C%28%EC%9E%90%EB%8F%99%EC%B0%A8%EC%A0%84%EC%9A%A9%EB%8F%84%EB%A1%9C%29%ED%8F%AC%ED%95%A8.zip,TS_차대차_영상_고속도로(자동차전용도로)포함.zip,TL_차대차_영상_고속도로(자동차전용도로)포함.zip,bb_3_200501_vehicle_202_20807.mp4,bb_3_200501_vehicle_202_20807.json
1.Training,사거리교차로(신호등없음),bb_1_110104_vehicle_258_24112,1.Training/raw_data_231108_add/TS_차대차_영상_사거리교차로(신호등없음).zip,1.Training/label_data_231108_add/TL_차대차_영상_사거리교차로(신호등없음).zip,https://data.taeo-dev.com/dataset/traffic/1.Training/raw_data_231108_add/TS_%EC%B0%A8%EB%8C%80%EC%B0%A8_%EC%98%81%EC%83%81_%EC%82%AC%EA%B1%B0%EB%A6%AC%EA%B5%90%EC%B0%A8%EB%A1%9C%28%EC%8B%A0%ED%98%B8%EB%93%B1%EC%97%86%EC%9D%8C%29.zip,https://data.taeo-dev.com/dataset/traffic/1.Training/label_data_231108_add/TL_%EC%B0%A8%EB%8C%80%EC%B0%A8_%EC%98%81%EC%83%81_%EC%82%AC%EA%B1%B0%EB%A6%AC%EA%B5%90%EC%B0%A8%EB%A1%9C%28%EC%8B%A0%ED%98%B8%EB%93%B1%EC%97%86%EC%9D%8C%29.zip,TS_차대차_영상_사거리교차로(신호등없음).zip,TL_차대차_영상_사거리교차로(신호등없음).zip,bb_1_110104_vehicle_258_24112.mp4,bb_1_110104_vehicle_258_24112.json
1.Training,사거리교차로(신호등없음),bb_1_160805_vehicle_127_188,1.Training/raw_data_231108_add/TS_차대차_영상_사거리교차로(신호등없음).zip,1.Training/label_data_231108_add/TL_차대차_영상_사거리교차로(신호등없음).zip,https://data.taeo-dev.com/dataset/traffic/1.Training/raw_data_231108_add/TS_%EC%B0%A8%EB%8C%80%EC%B0%A8_%EC%98%81%EC%83%81_%EC%82%AC%EA%B1%B0%EB%A6%AC%EA%B5%90%EC%B0%A8%EB%A1%9C%28%EC%8B%A0%ED%98%B8%EB%93%B1%EC%97%86%EC%9D%8C%29.zip,https://data.taeo-dev.com/dataset/traffic/1.Training/label_data_231108_add/TL_%EC%B0%A8%EB%8C%80%EC%B0%A8_%EC%98%81%EC%83%81_%EC%82%AC%EA%B1%B0%EB%A6%AC%EA%B5%90%EC%B0%A8%EB%A1%9C%28%EC%8B%A0%ED%98%B8%EB%93%B1%EC%97%86%EC%9D%8C%29.zip,TS_차대차_영상_사거리교차로(신호등없음).zip,TL_차대차_영상_사거리교차로(신호등없음).zip,bb_1_160805_vehicle_127_188.mp4,bb_1_160805_vehicle_127_188.json
1.Training,사거리교차로(신호등없음),bb_1_170407_vehicle_39_153,1.Training/raw_data_231108_add/TS_차대차_영상_사거리교차로(신호등없음).zip,1.Training/label_data_231108_add/TL_차대차_영상_사거리교차로(신호등없음).zip,https://data.taeo-dev.com/dataset/traffic/1.Training/raw_data_231108_add/TS_%EC%B0%A8%EB%8C%80%EC%B0%A8_%EC%98%81%EC%83%81_%EC%82%AC%EA%B1%B0%EB%A6%AC%EA%B5%90%EC%B0%A8%EB%A1%9C%28%EC%8B%A0%ED%98%B8%EB%93%B1%EC%97%86%EC%9D%8C%29.zip,https://data.taeo-dev.com/dataset/traffic/1.Training/label_data_231108_add/TL_%EC%B0%A8%EB%8C%80%EC%B0%A8_%EC%98%81%EC%83%81_%EC%82%AC%EA%B1%B0%EB%A6%AC%EA%B5%90%EC%B0%A8%EB%A1%9C%28%EC%8B%A0%ED%98%B8%EB%93%B1%EC%97%86%EC%9D%8C%29.zip,TS_차대차_영상_사거리교차로(신호등없음).zip,TL_차대차_영상_사거리교차로(신호등없음).zip,bb_1_170407_vehicle_39_153.mp4,bb_1_170407_vehicle_39_153.json
1.Training,사거리교차로(신호등없음),bb_1_170712_vehicle_44_220,1.Training/raw_data_231108_add/TS_차대차_영상_사거리교차로(신호등없음).zip,1.Training/label_data_231108_add/TL_차대차_영상_사거리교차로(신호등없음).zip,https://data.taeo-dev.com/dataset/traffic/1.Training/raw_data_231108_add/TS_%EC%B0%A8%EB%8C%80%EC%B0%A8_%EC%98%81%EC%83%81_%EC%82%AC%EA%B1%B0%EB%A6%AC%EA%B5%90%EC%B0%A8%EB%A1%9C%28%EC%8B%A0%ED%98%B8%EB%93%B1%EC%97%86%EC%9D%8C%29.zip,https://data.taeo-dev.com/dataset/traffic/1.Training/label_data_231108_add/TL_%EC%B0%A8%EB%8C%80%EC%B0%A8_%EC%98%81%EC%83%81_%EC%82%AC%EA%B1%B0%EB%A6%AC%EA%B5%90%EC%B0%A8%EB%A1%9C%28%EC%8B%A0%ED%98%B8%EB%93%B1%EC%97%86%EC%9D%8C%29.zip,TS_차대차_영상_사거리교차로(신호등없음).zip,TL_차대차_영상_사거리교차로(신호등없음).zip,bb_1_170712_vehicle_44_220.mp4,bb_1_170712_vehicle_44_220.json
1.Training,사거리교차로(신호등없음),bb_1_180831_vehicle_30_156,1.Training/raw_data_231108_add/TS_차대차_영상_사거리교차로(신호등없음).zip,1.Training/label_data_231108_add/TL_차대차_영상_사거리교차로(신호등없음).zip,https://data.taeo-dev.com/dataset/traffic/1.Training/raw_data_231108_add/TS_%EC%B0%A8%EB%8C%80%EC%B0%A8_%EC%98%81%EC%83%81_%EC%82%AC%EA%B1%B0%EB%A6%AC%EA%B5%90%EC%B0%A8%EB%A1%9C%28%EC%8B%A0%ED%98%B8%EB%93%B1%EC%97%86%EC%9D%8C%29.zip,https://data.taeo-dev.com/dataset/traffic/1.Training/label_data_231108_add/TL_%EC%B0%A8%EB%8C%80%EC%B0%A8_%EC%98%81%EC%83%81_%EC%82%AC%EA%B1%B0%EB%A6%AC%EA%B5%90%EC%B0%A8%EB%A1%9C%28%EC%8B%A0%ED%98%B8%EB%93%B1%EC%97%86%EC%9D%8C%29.zip,TS_차대차_영상_사거리교차로(신호등없음).zip,TL_차대차_영상_사거리교차로(신호등없음).zip,bb_1_180831_vehicle_30_156.mp4,bb_1_180831_vehicle_30_156.json
1.Training,사거리교차로(신호등없음),bb_1_190901_vehicle_314_003,1.Training/raw_data_231108_add/TS_차대차_영상_사거리교차로(신호등없음).zip,1.Training/label_data_231108_add/TL_차대차_영상_사거리교차로(신호등없음).zip,https://data.taeo-dev.com/dataset/traffic/1.Training/raw_data_231108_add/TS_%EC%B0%A8%EB%8C%80%EC%B0%A8_%EC%98%81%EC%83%81_%EC%82%AC%EA%B1%B0%EB%A6%AC%EA%B5%90%EC%B0%A8%EB%A1%9C%28%EC%8B%A0%ED%98%B8%EB%93%B1%EC%97%86%EC%9D%8C%29.zip,https://data.taeo-dev.com/dataset/traffic/1.Training/label_data_231108_add/TL_%EC%B0%A8%EB%8C%80%EC%B0%A8_%EC%98%81%EC%83%81_%EC%82%AC%EA%B1%B0%EB%A6%AC%EA%B5%90%EC%B0%A8%EB%A1%9C%28%EC%8B%A0%ED%98%B8%EB%93%B1%EC%97%86%EC%9D%8C%29.zip,TS_차대차_영상_사거리교차로(신호등없음).zip,TL_차대차_영상_사거리교차로(신호등없음).zip,bb_1_190901_vehicle_314_003.mp4,bb_1_190901_vehicle_314_003.json
1.Training,사거리교차로(신호등없음),bb_1_210419_vehicle_313_030,1.Training/raw_data_231108_add/TS_차대차_영상_사거리교차로(신호등없음).zip,1.Training/label_data_231108_add/TL_차대차_영상_사거리교차로(신호등없음).zip,https://data.taeo-dev.com/dataset/traffic/1.Training/raw_data_231108_add/TS_%EC%B0%A8%EB%8C%80%EC%B0%A8_%EC%98%81%EC%83%81_%EC%82%AC%EA%B1%B0%EB%A6%AC%EA%B5%90%EC%B0%A8%EB%A1%9C%28%EC%8B%A0%ED%98%B8%EB%93%B1%EC%97%86%EC%9D%8C%29.zip,https://data.taeo-dev.com/dataset/traffic/1.Training/label_data_231108_add/TL_%EC%B0%A8%EB%8C%80%EC%B0%A8_%EC%98%81%EC%83%81_%EC%82%AC%EA%B1%B0%EB%A6%AC%EA%B5%90%EC%B0%A8%EB%A1%9C%28%EC%8B%A0%ED%98%B8%EB%93%B1%EC%97%86%EC%9D%8C%29.zip,TS_차대차_영상_사거리교차로(신호등없음).zip,TL_차대차_영상_사거리교차로(신호등없음).zip,bb_1_210419_vehicle_313_030.mp4,bb_1_210419_vehicle_313_030.json
1.Training,사거리교차로(신호등없음),bb_1_210524_vehicle_260_21658,1.Training/raw_data_231108_add/TS_차대차_영상_사거리교차로(신호등없음).zip,1.Training/label_data_231108_add/TL_차대차_영상_사거리교차로(신호등없음).zip,https://data.taeo-dev.com/dataset/traffic/1.Training/raw_data_231108_add/TS_%EC%B0%A8%EB%8C%80%EC%B0%A8_%EC%98%81%EC%83%81_%EC%82%AC%EA%B1%B0%EB%A6%AC%EA%B5%90%EC%B0%A8%EB%A1%9C%28%EC%8B%A0%ED%98%B8%EB%93%B1%EC%97%86%EC%9D%8C%29.zip,https://data.taeo-dev.com/dataset/traffic/1.Training/label_data_231108_add/TL_%EC%B0%A8%EB%8C%80%EC%B0%A8_%EC%98%81%EC%83%81_%EC%82%AC%EA%B1%B0%EB%A6%AC%EA%B5%90%EC%B0%A8%EB%A1%9C%28%EC%8B%A0%ED%98%B8%EB%93%B1%EC%97%86%EC%9D%8C%29.zip,TS_차대차_영상_사거리교차로(신호등없음).zip,TL_차대차_영상_사거리교차로(신호등없음).zip,bb_1_210524_vehicle_260_21658.mp4,bb_1_210524_vehicle_260_21658.json
1.Training,사거리교차로(신호등없음),bb_1_211224_vehicle_141_205,1.Training/raw_data_231108_add/TS_차대차_영상_사거리교차로(신호등없음).zip,1.Training/label_data_231108_add/TL_차대차_영상_사거리교차로(신호등없음).zip,https://data.taeo-dev.com/dataset/traffic/1.Training/raw_data_231108_add/TS_%EC%B0%A8%EB%8C%80%EC%B0%A8_%EC%98%81%EC%83%81_%EC%82%AC%EA%B1%B0%EB%A6%AC%EA%B5%90%EC%B0%A8%EB%A1%9C%28%EC%8B%A0%ED%98%B8%EB%93%B1%EC%97%86%EC%9D%8C%29.zip,https://data.taeo-dev.com/dataset/traffic/1.Training/label_data_231108_add/TL_%EC%B0%A8%EB%8C%80%EC%B0%A8_%EC%98%81%EC%83%81_%EC%82%AC%EA%B1%B0%EB%A6%AC%EA%B5%90%EC%B0%A8%EB%A1%9C%28%EC%8B%A0%ED%98%B8%EB%93%B1%EC%97%86%EC%9D%8C%29.zip,TS_차대차_영상_사거리교차로(신호등없음).zip,TL_차대차_영상_사거리교차로(신호등없음).zip,bb_1_211224_vehicle_141_205.mp4,bb_1_211224_vehicle_141_205.json
1.Training,사거리교차로(신호등없음),bb_3_220311_vehicle_245_21691,1.Training/raw_data_231108_add/TS_차대차_영상_사거리교차로(신호등없음).zip,1.Training/label_data_231108_add/TL_차대차_영상_사거리교차로(신호등없음).zip,https://data.taeo-dev.com/dataset/traffic/1.Training/raw_data_231108_add/TS_%EC%B0%A8%EB%8C%80%EC%B0%A8_%EC%98%81%EC%83%81_%EC%82%AC%EA%B1%B0%EB%A6%AC%EA%B5%90%EC%B0%A8%EB%A1%9C%28%EC%8B%A0%ED%98%B8%EB%93%B1%EC%97%86%EC%9D%8C%29.zip,https://data.taeo-dev.com/dataset/traffic/1.Training/label_data_231108_add/TL_%EC%B0%A8%EB%8C%80%EC%B0%A8_%EC%98%81%EC%83%81_%EC%82%AC%EA%B1%B0%EB%A6%AC%EA%B5%90%EC%B0%A8%EB%A1%9C%28%EC%8B%A0%ED%98%B8%EB%93%B1%EC%97%86%EC%9D%8C%29.zip,TS_차대차_영상_사거리교차로(신호등없음).zip,TL_차대차_영상_사거리교차로(신호등없음).zip,bb_3_220311_vehicle_245_21691.mp4,bb_3_220311_vehicle_245_21691.json
1.Training,사거리교차로(신호등있음),bb_1_150223_vehicle_48_265,1.Training/raw_data_231108_add/TS_차대차_영상_사거리교차로(신호등있음).zip,1.Training/label_data_231108_add/TL_차대차_영상_사거리교차로(신호등있음).zip,https://data.taeo-dev.com/dataset/traffic/1.Training/raw_data_231108_add/TS_%EC%B0%A8%EB%8C%80%EC%B0%A8_%EC%98%81%EC%83%81_%EC%82%AC%EA%B1%B0%EB%A6%AC%EA%B5%90%EC%B0%A8%EB%A1%9C%28%EC%8B%A0%ED%98%B8%EB%93%B1%EC%9E%88%EC%9D%8C%29.zip,https://data.taeo-dev.com/dataset/traffic/1.Training/label_data_231108_add/TL_%EC%B0%A8%EB%8C%80%EC%B0%A8_%EC%98%81%EC%83%81_%EC%82%AC%EA%B1%B0%EB%A6%AC%EA%B5%90%EC%B0%A8%EB%A1%9C%28%EC%8B%A0%ED%98%B8%EB%93%B1%EC%9E%88%EC%9D%8C%29.zip,TS_차대차_영상_사거리교차로(신호등있음).zip,TL_차대차_영상_사거리교차로(신호등있음).zip,bb_1_150223_vehicle_48_265.mp4,bb_1_150223_vehicle_48_265.json
1.Training,사거리교차로(신호등있음),bb_1_150414_vehicle_27_093,1.Training/raw_data_231108_add/TS_차대차_영상_사거리교차로(신호등있음).zip,1.Training/label_data_231108_add/TL_차대차_영상_사거리교차로(신호등있음).zip,https://data.taeo-dev.com/dataset/traffic/1.Training/raw_data_231108_add/TS_%EC%B0%A8%EB%8C%80%EC%B0%A8_%EC%98%81%EC%83%81_%EC%82%AC%EA%B1%B0%EB%A6%AC%EA%B5%90%EC%B0%A8%EB%A1%9C%28%EC%8B%A0%ED%98%B8%EB%93%B1%EC%9E%88%EC%9D%8C%29.zip,https://data.taeo-dev.com/dataset/traffic/1.Training/label_data_231108_add/TL_%EC%B0%A8%EB%8C%80%EC%B0%A8_%EC%98%81%EC%83%81_%EC%82%AC%EA%B1%B0%EB%A6%AC%EA%B5%90%EC%B0%A8%EB%A1%9C%28%EC%8B%A0%ED%98%B8%EB%93%B1%EC%9E%88%EC%9D%8C%29.zip,TS_차대차_영상_사거리교차로(신호등있음).zip,TL_차대차_영상_사거리교차로(신호등있음).zip,bb_1_150414_vehicle_27_093.mp4,bb_1_150414_vehicle_27_093.json
1.Training,사거리교차로(신호등있음),bb_1_150501_vehicle_223_33465,1.Training/raw_data_231108_add/TS_차대차_영상_사거리교차로(신호등있음).zip,1.Training/label_data_231108_add/TL_차대차_영상_사거리교차로(신호등있음).zip,https://data.taeo-dev.com/dataset/traffic/1.Training/raw_data_231108_add/TS_%EC%B0%A8%EB%8C%80%EC%B0%A8_%EC%98%81%EC%83%81_%EC%82%AC%EA%B1%B0%EB%A6%AC%EA%B5%90%EC%B0%A8%EB%A1%9C%28%EC%8B%A0%ED%98%B8%EB%93%B1%EC%9E%88%EC%9D%8C%29.zip,https://data.taeo-dev.com/dataset/traffic/1.Training/label_data_231108_add/TL_%EC%B0%A8%EB%8C%80%EC%B0%A8_%EC%98%81%EC%83%81_%EC%82%AC%EA%B1%B0%EB%A6%AC%EA%B5%90%EC%B0%A8%EB%A1%9C%28%EC%8B%A0%ED%98%B8%EB%93%B1%EC%9E%88%EC%9D%8C%29.zip,TS_차대차_영상_사거리교차로(신호등있음).zip,TL_차대차_영상_사거리교차로(신호등있음).zip,bb_1_150501_vehicle_223_33465.mp4,bb_1_150501_vehicle_223_33465.json
1.Training,사거리교차로(신호등있음),bb_1_160508_vehicle_250_21559,1.Training/raw_data_231108_add/TS_차대차_영상_사거리교차로(신호등있음).zip,1.Training/label_data_231108_add/TL_차대차_영상_사거리교차로(신호등있음).zip,https://data.taeo-dev.com/dataset/traffic/1.Training/raw_data_231108_add/TS_%EC%B0%A8%EB%8C%80%EC%B0%A8_%EC%98%81%EC%83%81_%EC%82%AC%EA%B1%B0%EB%A6%AC%EA%B5%90%EC%B0%A8%EB%A1%9C%28%EC%8B%A0%ED%98%B8%EB%93%B1%EC%9E%88%EC%9D%8C%29.zip,https://data.taeo-dev.com/dataset/traffic/1.Training/label_data_231108_add/TL_%EC%B0%A8%EB%8C%80%EC%B0%A8_%EC%98%81%EC%83%81_%EC%82%AC%EA%B1%B0%EB%A6%AC%EA%B5%90%EC%B0%A8%EB%A1%9C%28%EC%8B%A0%ED%98%B8%EB%93%B1%EC%9E%88%EC%9D%8C%29.zip,TS_차대차_영상_사거리교차로(신호등있음).zip,TL_차대차_영상_사거리교차로(신호등있음).zip,bb_1_160508_vehicle_250_21559.mp4,bb_1_160508_vehicle_250_21559.json
1.Training,사거리교차로(신호등있음),bb_1_170405_vehicle_126_084,1.Training/raw_data_231108_add/TS_차대차_영상_사거리교차로(신호등있음).zip,1.Training/label_data_231108_add/TL_차대차_영상_사거리교차로(신호등있음).zip,https://data.taeo-dev.com/dataset/traffic/1.Training/raw_data_231108_add/TS_%EC%B0%A8%EB%8C%80%EC%B0%A8_%EC%98%81%EC%83%81_%EC%82%AC%EA%B1%B0%EB%A6%AC%EA%B5%90%EC%B0%A8%EB%A1%9C%28%EC%8B%A0%ED%98%B8%EB%93%B1%EC%9E%88%EC%9D%8C%29.zip,https://data.taeo-dev.com/dataset/traffic/1.Training/label_data_231108_add/TL_%EC%B0%A8%EB%8C%80%EC%B0%A8_%EC%98%81%EC%83%81_%EC%82%AC%EA%B1%B0%EB%A6%AC%EA%B5%90%EC%B0%A8%EB%A1%9C%28%EC%8B%A0%ED%98%B8%EB%93%B1%EC%9E%88%EC%9D%8C%29.zip,TS_차대차_영상_사거리교차로(신호등있음).zip,TL_차대차_영상_사거리교차로(신호등있음).zip,bb_1_170405_vehicle_126_084.mp4,bb_1_170405_vehicle_126_084.json
1.Training,사거리교차로(신호등있음),bb_1_180303_vehicle_254_35663,1.Training/raw_data_231108_add/TS_차대차_영상_사거리교차로(신호등있음).zip,1.Training/label_data_231108_add/TL_차대차_영상_사거리교차로(신호등있음).zip,https://data.taeo-dev.com/dataset/traffic/1.Training/raw_data_231108_add/TS_%EC%B0%A8%EB%8C%80%EC%B0%A8_%EC%98%81%EC%83%81_%EC%82%AC%EA%B1%B0%EB%A6%AC%EA%B5%90%EC%B0%A8%EB%A1%9C%28%EC%8B%A0%ED%98%B8%EB%93%B1%EC%9E%88%EC%9D%8C%29.zip,https://data.taeo-dev.com/dataset/traffic/1.Training/label_data_231108_add/TL_%EC%B0%A8%EB%8C%80%EC%B0%A8_%EC%98%81%EC%83%81_%EC%82%AC%EA%B1%B0%EB%A6%AC%EA%B5%90%EC%B0%A8%EB%A1%9C%28%EC%8B%A0%ED%98%B8%EB%93%B1%EC%9E%88%EC%9D%8C%29.zip,TS_차대차_영상_사거리교차로(신호등있음).zip,TL_차대차_영상_사거리교차로(신호등있음).zip,bb_1_180303_vehicle_254_35663.mp4,bb_1_180303_vehicle_254_35663.json
1.Training,사거리교차로(신호등있음),bb_1_190106_vehicle_242_34475,1.Training/raw_data_231108_add/TS_차대차_영상_사거리교차로(신호등있음).zip,1.Training/label_data_231108_add/TL_차대차_영상_사거리교차로(신호등있음).zip,https://data.taeo-dev.com/dataset/traffic/1.Training/raw_data_231108_add/TS_%EC%B0%A8%EB%8C%80%EC%B0%A8_%EC%98%81%EC%83%81_%EC%82%AC%EA%B1%B0%EB%A6%AC%EA%B5%90%EC%B0%A8%EB%A1%9C%28%EC%8B%A0%ED%98%B8%EB%93%B1%EC%9E%88%EC%9D%8C%29.zip,https://data.taeo-dev.com/dataset/traffic/1.Training/label_data_231108_add/TL_%EC%B0%A8%EB%8C%80%EC%B0%A8_%EC%98%81%EC%83%81_%EC%82%AC%EA%B1%B0%EB%A6%AC%EA%B5%90%EC%B0%A8%EB%A1%9C%28%EC%8B%A0%ED%98%B8%EB%93%B1%EC%9E%88%EC%9D%8C%29.zip,TS_차대차_영상_사거리교차로(신호등있음).zip,TL_차대차_영상_사거리교차로(신호등있음).zip,bb_1_190106_vehicle_242_34475.mp4,bb_1_190106_vehicle_242_34475.json
1.Training,사거리교차로(신호등있음),bb_1_190216_vehicle_212_33189,1.Training/raw_data_231108_add/TS_차대차_영상_사거리교차로(신호등있음).zip,1.Training/label_data_231108_add/TL_차대차_영상_사거리교차로(신호등있음).zip,https://data.taeo-dev.com/dataset/traffic/1.Training/raw_data_231108_add/TS_%EC%B0%A8%EB%8C%80%EC%B0%A8_%EC%98%81%EC%83%81_%EC%82%AC%EA%B1%B0%EB%A6%AC%EA%B5%90%EC%B0%A8%EB%A1%9C%28%EC%8B%A0%ED%98%B8%EB%93%B1%EC%9E%88%EC%9D%8C%29.zip,https://data.taeo-dev.com/dataset/traffic/1.Training/label_data_231108_add/TL_%EC%B0%A8%EB%8C%80%EC%B0%A8_%EC%98%81%EC%83%81_%EC%82%AC%EA%B1%B0%EB%A6%AC%EA%B5%90%EC%B0%A8%EB%A1%9C%28%EC%8B%A0%ED%98%B8%EB%93%B1%EC%9E%88%EC%9D%8C%29.zip,TS_차대차_영상_사거리교차로(신호등있음).zip,TL_차대차_영상_사거리교차로(신호등있음).zip,bb_1_190216_vehicle_212_33189.mp4,bb_1_190216_vehicle_212_33189.json
1.Training,사거리교차로(신호등있음),bb_1_190523_vehicle_149_204,1.Training/raw_data_231108_add/TS_차대차_영상_사거리교차로(신호등있음).zip,1.Training/label_data_231108_add/TL_차대차_영상_사거리교차로(신호등있음).zip,https://data.taeo-dev.com/dataset/traffic/1.Training/raw_data_231108_add/TS_%EC%B0%A8%EB%8C%80%EC%B0%A8_%EC%98%81%EC%83%81_%EC%82%AC%EA%B1%B0%EB%A6%AC%EA%B5%90%EC%B0%A8%EB%A1%9C%28%EC%8B%A0%ED%98%B8%EB%93%B1%EC%9E%88%EC%9D%8C%29.zip,https://data.taeo-dev.com/dataset/traffic/1.Training/label_data_231108_add/TL_%EC%B0%A8%EB%8C%80%EC%B0%A8_%EC%98%81%EC%83%81_%EC%82%AC%EA%B1%B0%EB%A6%AC%EA%B5%90%EC%B0%A8%EB%A1%9C%28%EC%8B%A0%ED%98%B8%EB%93%B1%EC%9E%88%EC%9D%8C%29.zip,TS_차대차_영상_사거리교차로(신호등있음).zip,TL_차대차_영상_사거리교차로(신호등있음).zip,bb_1_190523_vehicle_149_204.mp4,bb_1_190523_vehicle_149_204.json
1.Training,사거리교차로(신호등있음),bb_1_190815_vehicle_242_34640,1.Training/raw_data_231108_add/TS_차대차_영상_사거리교차로(신호등있음).zip,1.Training/label_data_231108_add/TL_차대차_영상_사거리교차로(신호등있음).zip,https://data.taeo-dev.com/dataset/traffic/1.Training/raw_data_231108_add/TS_%EC%B0%A8%EB%8C%80%EC%B0%A8_%EC%98%81%EC%83%81_%EC%82%AC%EA%B1%B0%EB%A6%AC%EA%B5%90%EC%B0%A8%EB%A1%9C%28%EC%8B%A0%ED%98%B8%EB%93%B1%EC%9E%88%EC%9D%8C%29.zip,https://data.taeo-dev.com/dataset/traffic/1.Training/label_data_231108_add/TL_%EC%B0%A8%EB%8C%80%EC%B0%A8_%EC%98%81%EC%83%81_%EC%82%AC%EA%B1%B0%EB%A6%AC%EA%B5%90%EC%B0%A8%EB%A1%9C%28%EC%8B%A0%ED%98%B8%EB%93%B1%EC%9E%88%EC%9D%8C%29.zip,TS_차대차_영상_사거리교차로(신호등있음).zip,TL_차대차_영상_사거리교차로(신호등있음).zip,bb_1_190815_vehicle_242_34640.mp4,bb_1_190815_vehicle_242_34640.json
1.Training,주차장(또는차도가아닌장소),bb_1_130523_vehicle_258_21832,1.Training/raw_data_231108_add/TS_차대차_영상_주차장(또는차도가아닌장소).zip,1.Training/label_data_231108_add/TL_차대차_영상_주차장(또는차도가아닌장소).zip,https://data.taeo-dev.com/dataset/traffic/1.Training/raw_data_231108_add/TS_%EC%B0%A8%EB%8C%80%EC%B0%A8_%EC%98%81%EC%83%81_%EC%A3%BC%EC%B0%A8%EC%9E%A5%28%EB%98%90%EB%8A%94%EC%B0%A8%EB%8F%84%EA%B0%80%EC%95%84%EB%8B%8C%EC%9E%A5%EC%86%8C%29.zip,https://data.taeo-dev.com/dataset/traffic/1.Training/label_data_231108_add/TL_%EC%B0%A8%EB%8C%80%EC%B0%A8_%EC%98%81%EC%83%81_%EC%A3%BC%EC%B0%A8%EC%9E%A5%28%EB%98%90%EB%8A%94%EC%B0%A8%EB%8F%84%EA%B0%80%EC%95%84%EB%8B%8C%EC%9E%A5%EC%86%8C%29.zip,TS_차대차_영상_주차장(또는차도가아닌장소).zip,TL_차대차_영상_주차장(또는차도가아닌장소).zip,bb_1_130523_vehicle_258_21832.mp4,bb_1_130523_vehicle_258_21832.json
1.Training,주차장(또는차도가아닌장소),bb_1_131025_vehicle_119_207,1.Training/raw_data_231108_add/TS_차대차_영상_주차장(또는차도가아닌장소).zip,1.Training/label_data_231108_add/TL_차대차_영상_주차장(또는차도가아닌장소).zip,https://data.taeo-dev.com/dataset/traffic/1.Training/raw_data_231108_add/TS_%EC%B0%A8%EB%8C%80%EC%B0%A8_%EC%98%81%EC%83%81_%EC%A3%BC%EC%B0%A8%EC%9E%A5%28%EB%98%90%EB%8A%94%EC%B0%A8%EB%8F%84%EA%B0%80%EC%95%84%EB%8B%8C%EC%9E%A5%EC%86%8C%29.zip,https://data.taeo-dev.com/dataset/traffic/1.Training/label_data_231108_add/TL_%EC%B0%A8%EB%8C%80%EC%B0%A8_%EC%98%81%EC%83%81_%EC%A3%BC%EC%B0%A8%EC%9E%A5%28%EB%98%90%EB%8A%94%EC%B0%A8%EB%8F%84%EA%B0%80%EC%95%84%EB%8B%8C%EC%9E%A5%EC%86%8C%29.zip,TS_차대차_영상_주차장(또는차도가아닌장소).zip,TL_차대차_영상_주차장(또는차도가아닌장소).zip,bb_1_131025_vehicle_119_207.mp4,bb_1_131025_vehicle_119_207.json
1.Training,주차장(또는차도가아닌장소),bb_1_140617_vehicle_196_058,1.Training/raw_data_231108_add/TS_차대차_영상_주차장(또는차도가아닌장소).zip,1.Training/label_data_231108_add/TL_차대차_영상_주차장(또는차도가아닌장소).zip,https://data.taeo-dev.com/dataset/traffic/1.Training/raw_data_231108_add/TS_%EC%B0%A8%EB%8C%80%EC%B0%A8_%EC%98%81%EC%83%81_%EC%A3%BC%EC%B0%A8%EC%9E%A5%28%EB%98%90%EB%8A%94%EC%B0%A8%EB%8F%84%EA%B0%80%EC%95%84%EB%8B%8C%EC%9E%A5%EC%86%8C%29.zip,https://data.taeo-dev.com/dataset/traffic/1.Training/label_data_231108_add/TL_%EC%B0%A8%EB%8C%80%EC%B0%A8_%EC%98%81%EC%83%81_%EC%A3%BC%EC%B0%A8%EC%9E%A5%28%EB%98%90%EB%8A%94%EC%B0%A8%EB%8F%84%EA%B0%80%EC%95%84%EB%8B%8C%EC%9E%A5%EC%86%8C%29.zip,TS_차대차_영상_주차장(또는차도가아닌장소).zip,TL_차대차_영상_주차장(또는차도가아닌장소).zip,bb_1_140617_vehicle_196_058.mp4,bb_1_140617_vehicle_196_058.json
1.Training,주차장(또는차도가아닌장소),bb_1_160723_vehicle_201_22238,1.Training/raw_data_231108_add/TS_차대차_영상_주차장(또는차도가아닌장소).zip,1.Training/label_data_231108_add/TL_차대차_영상_주차장(또는차도가아닌장소).zip,https://data.taeo-dev.com/dataset/traffic/1.Training/raw_data_231108_add/TS_%EC%B0%A8%EB%8C%80%EC%B0%A8_%EC%98%81%EC%83%81_%EC%A3%BC%EC%B0%A8%EC%9E%A5%28%EB%98%90%EB%8A%94%EC%B0%A8%EB%8F%84%EA%B0%80%EC%95%84%EB%8B%8C%EC%9E%A5%EC%86%8C%29.zip,https://data.taeo-dev.com/dataset/traffic/1.Training/label_data_231108_add/TL_%EC%B0%A8%EB%8C%80%EC%B0%A8_%EC%98%81%EC%83%81_%EC%A3%BC%EC%B0%A8%EC%9E%A5%28%EB%98%90%EB%8A%94%EC%B0%A8%EB%8F%84%EA%B0%80%EC%95%84%EB%8B%8C%EC%9E%A5%EC%86%8C%29.zip,TS_차대차_영상_주차장(또는차도가아닌장소).zip,TL_차대차_영상_주차장(또는차도가아닌장소).zip,bb_1_160723_vehicle_201_22238.mp4,bb_1_160723_vehicle_201_22238.json
1.Training,주차장(또는차도가아닌장소),bb_1_180611_vehicle_210_40072,1.Training/raw_data_231108_add/TS_차대차_영상_주차장(또는차도가아닌장소).zip,1.Training/label_data_231108_add/TL_차대차_영상_주차장(또는차도가아닌장소).zip,https://data.taeo-dev.com/dataset/traffic/1.Training/raw_data_231108_add/TS_%EC%B0%A8%EB%8C%80%EC%B0%A8_%EC%98%81%EC%83%81_%EC%A3%BC%EC%B0%A8%EC%9E%A5%28%EB%98%90%EB%8A%94%EC%B0%A8%EB%8F%84%EA%B0%80%EC%95%84%EB%8B%8C%EC%9E%A5%EC%86%8C%29.zip,https://data.taeo-dev.com/dataset/traffic/1.Training/label_data_231108_add/TL_%EC%B0%A8%EB%8C%80%EC%B0%A8_%EC%98%81%EC%83%81_%EC%A3%BC%EC%B0%A8%EC%9E%A5%28%EB%98%90%EB%8A%94%EC%B0%A8%EB%8F%84%EA%B0%80%EC%95%84%EB%8B%8C%EC%9E%A5%EC%86%8C%29.zip,TS_차대차_영상_주차장(또는차도가아닌장소).zip,TL_차대차_영상_주차장(또는차도가아닌장소).zip,bb_1_180611_vehicle_210_40072.mp4,bb_1_180611_vehicle_210_40072.json
1.Training,주차장(또는차도가아닌장소),bb_1_200101_vehicle_256_44891,1.Training/raw_data_231108_add/TS_차대차_영상_주차장(또는차도가아닌장소).zip,1.Training/label_data_231108_add/TL_차대차_영상_주차장(또는차도가아닌장소).zip,https://data.taeo-dev.com/dataset/traffic/1.Training/raw_data_231108_add/TS_%EC%B0%A8%EB%8C%80%EC%B0%A8_%EC%98%81%EC%83%81_%EC%A3%BC%EC%B0%A8%EC%9E%A5%28%EB%98%90%EB%8A%94%EC%B0%A8%EB%8F%84%EA%B0%80%EC%95%84%EB%8B%8C%EC%9E%A5%EC%86%8C%29.zip,https://data.taeo-dev.com/dataset/traffic/1.Training/label_data_231108_add/TL_%EC%B0%A8%EB%8C%80%EC%B0%A8_%EC%98%81%EC%83%81_%EC%A3%BC%EC%B0%A8%EC%9E%A5%28%EB%98%90%EB%8A%94%EC%B0%A8%EB%8F%84%EA%B0%80%EC%95%84%EB%8B%8C%EC%9E%A5%EC%86%8C%29.zip,TS_차대차_영상_주차장(또는차도가아닌장소).zip,TL_차대차_영상_주차장(또는차도가아닌장소).zip,bb_1_200101_vehicle_256_44891.mp4,bb_1_200101_vehicle_256_44891.json
1.Training,주차장(또는차도가아닌장소),bb_1_201127_vehicle_255_22284,1.Training/raw_data_231108_add/TS_차대차_영상_주차장(또는차도가아닌장소).zip,1.Training/label_data_231108_add/TL_차대차_영상_주차장(또는차도가아닌장소).zip,https://data.taeo-dev.com/dataset/traffic/1.Training/raw_data_231108_add/TS_%EC%B0%A8%EB%8C%80%EC%B0%A8_%EC%98%81%EC%83%81_%EC%A3%BC%EC%B0%A8%EC%9E%A5%28%EB%98%90%EB%8A%94%EC%B0%A8%EB%8F%84%EA%B0%80%EC%95%84%EB%8B%8C%EC%9E%A5%EC%86%8C%29.zip,https://data.taeo-dev.com/dataset/traffic/1.Training/label_data_231108_add/TL_%EC%B0%A8%EB%8C%80%EC%B0%A8_%EC%98%81%EC%83%81_%EC%A3%BC%EC%B0%A8%EC%9E%A5%28%EB%98%90%EB%8A%94%EC%B0%A8%EB%8F%84%EA%B0%80%EC%95%84%EB%8B%8C%EC%9E%A5%EC%86%8C%29.zip,TS_차대차_영상_주차장(또는차도가아닌장소).zip,TL_차대차_영상_주차장(또는차도가아닌장소).zip,bb_1_201127_vehicle_255_22284.mp4,bb_1_201127_vehicle_255_22284.json
1.Training,주차장(또는차도가아닌장소),bb_1_210216_vehicle_47_281,1.Training/raw_data_231108_add/TS_차대차_영상_주차장(또는차도가아닌장소).zip,1.Training/label_data_231108_add/TL_차대차_영상_주차장(또는차도가아닌장소).zip,https://data.taeo-dev.com/dataset/traffic/1.Training/raw_data_231108_add/TS_%EC%B0%A8%EB%8C%80%EC%B0%A8_%EC%98%81%EC%83%81_%EC%A3%BC%EC%B0%A8%EC%9E%A5%28%EB%98%90%EB%8A%94%EC%B0%A8%EB%8F%84%EA%B0%80%EC%95%84%EB%8B%8C%EC%9E%A5%EC%86%8C%29.zip,https://data.taeo-dev.com/dataset/traffic/1.Training/label_data_231108_add/TL_%EC%B0%A8%EB%8C%80%EC%B0%A8_%EC%98%81%EC%83%81_%EC%A3%BC%EC%B0%A8%EC%9E%A5%28%EB%98%90%EB%8A%94%EC%B0%A8%EB%8F%84%EA%B0%80%EC%95%84%EB%8B%8C%EC%9E%A5%EC%86%8C%29.zip,TS_차대차_영상_주차장(또는차도가아닌장소).zip,TL_차대차_영상_주차장(또는차도가아닌장소).zip,bb_1_210216_vehicle_47_281.mp4,bb_1_210216_vehicle_47_281.json
1.Training,주차장(또는차도가아닌장소),bb_1_210709_vehicle_315_052,1.Training/raw_data_231108_add/TS_차대차_영상_주차장(또는차도가아닌장소).zip,1.Training/label_data_231108_add/TL_차대차_영상_주차장(또는차도가아닌장소).zip,https://data.taeo-dev.com/dataset/traffic/1.Training/raw_data_231108_add/TS_%EC%B0%A8%EB%8C%80%EC%B0%A8_%EC%98%81%EC%83%81_%EC%A3%BC%EC%B0%A8%EC%9E%A5%28%EB%98%90%EB%8A%94%EC%B0%A8%EB%8F%84%EA%B0%80%EC%95%84%EB%8B%8C%EC%9E%A5%EC%86%8C%29.zip,https://data.taeo-dev.com/dataset/traffic/1.Training/label_data_231108_add/TL_%EC%B0%A8%EB%8C%80%EC%B0%A8_%EC%98%81%EC%83%81_%EC%A3%BC%EC%B0%A8%EC%9E%A5%28%EB%98%90%EB%8A%94%EC%B0%A8%EB%8F%84%EA%B0%80%EC%95%84%EB%8B%8C%EC%9E%A5%EC%86%8C%29.zip,TS_차대차_영상_주차장(또는차도가아닌장소).zip,TL_차대차_영상_주차장(또는차도가아닌장소).zip,bb_1_210709_vehicle_315_052.mp4,bb_1_210709_vehicle_315_052.json
1.Training,주차장(또는차도가아닌장소),bb_3_170407_vehicle_30_290,1.Training/raw_data_231108_add/TS_차대차_영상_주차장(또는차도가아닌장소).zip,1.Training/label_data_231108_add/TL_차대차_영상_주차장(또는차도가아닌장소).zip,https://data.taeo-dev.com/dataset/traffic/1.Training/raw_data_231108_add/TS_%EC%B0%A8%EB%8C%80%EC%B0%A8_%EC%98%81%EC%83%81_%EC%A3%BC%EC%B0%A8%EC%9E%A5%28%EB%98%90%EB%8A%94%EC%B0%A8%EB%8F%84%EA%B0%80%EC%95%84%EB%8B%8C%EC%9E%A5%EC%86%8C%29.zip,https://data.taeo-dev.com/dataset/traffic/1.Training/label_data_231108_add/TL_%EC%B0%A8%EB%8C%80%EC%B0%A8_%EC%98%81%EC%83%81_%EC%A3%BC%EC%B0%A8%EC%9E%A5%28%EB%98%90%EB%8A%94%EC%B0%A8%EB%8F%84%EA%B0%80%EC%95%84%EB%8B%8C%EC%9E%A5%EC%86%8C%29.zip,TS_차대차_영상_주차장(또는차도가아닌장소).zip,TL_차대차_영상_주차장(또는차도가아닌장소).zip,bb_3_170407_vehicle_30_290.mp4,bb_3_170407_vehicle_30_290.json
1.Training,직선도로,bb_1_121127_vehicle_145_219,1.Training/raw_data_231108_add/TS_차대차_영상_직선도로.zip,1.Training/label_data_231108_add/TL_차대차_영상_직선도로.zip,https://data.taeo-dev.com/dataset/traffic/1.Training/raw_data_231108_add/TS_%EC%B0%A8%EB%8C%80%EC%B0%A8_%EC%98%81%EC%83%81_%EC%A7%81%EC%84%A0%EB%8F%84%EB%A1%9C.zip,https://data.taeo-dev.com/dataset/traffic/1.Training/label_data_231108_add/TL_%EC%B0%A8%EB%8C%80%EC%B0%A8_%EC%98%81%EC%83%81_%EC%A7%81%EC%84%A0%EB%8F%84%EB%A1%9C.zip,TS_차대차_영상_직선도로.zip,TL_차대차_영상_직선도로.zip,bb_1_121127_vehicle_145_219.mp4,bb_1_121127_vehicle_145_219.json
1.Training,직선도로,bb_1_130806_vehicle_206_22072,1.Training/raw_data_231108_add/TS_차대차_영상_직선도로.zip,1.Training/label_data_231108_add/TL_차대차_영상_직선도로.zip,https://data.taeo-dev.com/dataset/traffic/1.Training/raw_data_231108_add/TS_%EC%B0%A8%EB%8C%80%EC%B0%A8_%EC%98%81%EC%83%81_%EC%A7%81%EC%84%A0%EB%8F%84%EB%A1%9C.zip,https://data.taeo-dev.com/dataset/traffic/1.Training/label_data_231108_add/TL_%EC%B0%A8%EB%8C%80%EC%B0%A8_%EC%98%81%EC%83%81_%EC%A7%81%EC%84%A0%EB%8F%84%EB%A1%9C.zip,TS_차대차_영상_직선도로.zip,TL_차대차_영상_직선도로.zip,bb_1_130806_vehicle_206_22072.mp4,bb_1_130806_vehicle_206_22072.json
1.Training,직선도로,bb_1_160322_vehicle_244_25095,1.Training/raw_data_231108_add/TS_차대차_영상_직선도로.zip,1.Training/label_data_231108_add/TL_차대차_영상_직선도로.zip,https://data.taeo-dev.com/dataset/traffic/1.Training/raw_data_231108_add/TS_%EC%B0%A8%EB%8C%80%EC%B0%A8_%EC%98%81%EC%83%81_%EC%A7%81%EC%84%A0%EB%8F%84%EB%A1%9C.zip,https://data.taeo-dev.com/dataset/traffic/1.Training/label_data_231108_add/TL_%EC%B0%A8%EB%8C%80%EC%B0%A8_%EC%98%81%EC%83%81_%EC%A7%81%EC%84%A0%EB%8F%84%EB%A1%9C.zip,TS_차대차_영상_직선도로.zip,TL_차대차_영상_직선도로.zip,bb_1_160322_vehicle_244_25095.mp4,bb_1_160322_vehicle_244_25095.json
1.Training,직선도로,bb_1_170726_vehicle_197_107,1.Training/raw_data_231108_add/TS_차대차_영상_직선도로.zip,1.Training/label_data_231108_add/TL_차대차_영상_직선도로.zip,https://data.taeo-dev.com/dataset/traffic/1.Training/raw_data_231108_add/TS_%EC%B0%A8%EB%8C%80%EC%B0%A8_%EC%98%81%EC%83%81_%EC%A7%81%EC%84%A0%EB%8F%84%EB%A1%9C.zip,https://data.taeo-dev.com/dataset/traffic/1.Training/label_data_231108_add/TL_%EC%B0%A8%EB%8C%80%EC%B0%A8_%EC%98%81%EC%83%81_%EC%A7%81%EC%84%A0%EB%8F%84%EB%A1%9C.zip,TS_차대차_영상_직선도로.zip,TL_차대차_영상_직선도로.zip,bb_1_170726_vehicle_197_107.mp4,bb_1_170726_vehicle_197_107.json
1.Training,직선도로,bb_1_180417_vehicle_210_23112,1.Training/raw_data_231108_add/TS_차대차_영상_직선도로.zip,1.Training/label_data_231108_add/TL_차대차_영상_직선도로.zip,https://data.taeo-dev.com/dataset/traffic/1.Training/raw_data_231108_add/TS_%EC%B0%A8%EB%8C%80%EC%B0%A8_%EC%98%81%EC%83%81_%EC%A7%81%EC%84%A0%EB%8F%84%EB%A1%9C.zip,https://data.taeo-dev.com/dataset/traffic/1.Training/label_data_231108_add/TL_%EC%B0%A8%EB%8C%80%EC%B0%A8_%EC%98%81%EC%83%81_%EC%A7%81%EC%84%A0%EB%8F%84%EB%A1%9C.zip,TS_차대차_영상_직선도로.zip,TL_차대차_영상_직선도로.zip,bb_1_180417_vehicle_210_23112.mp4,bb_1_180417_vehicle_210_23112.json
1.Training,직선도로,bb_1_201123_vehicle_120_019,1.Training/raw_data_231108_add/TS_차대차_영상_직선도로.zip,1.Training/label_data_231108_add/TL_차대차_영상_직선도로.zip,https://data.taeo-dev.com/dataset/traffic/1.Training/raw_data_231108_add/TS_%EC%B0%A8%EB%8C%80%EC%B0%A8_%EC%98%81%EC%83%81_%EC%A7%81%EC%84%A0%EB%8F%84%EB%A1%9C.zip,https://data.taeo-dev.com/dataset/traffic/1.Training/label_data_231108_add/TL_%EC%B0%A8%EB%8C%80%EC%B0%A8_%EC%98%81%EC%83%81_%EC%A7%81%EC%84%A0%EB%8F%84%EB%A1%9C.zip,TS_차대차_영상_직선도로.zip,TL_차대차_영상_직선도로.zip,bb_1_201123_vehicle_120_019.mp4,bb_1_201123_vehicle_120_019.json
1.Training,직선도로,bb_1_210529_vehicle_242_50607,1.Training/raw_data_231108_add/TS_차대차_영상_직선도로.zip,1.Training/label_data_231108_add/TL_차대차_영상_직선도로.zip,https://data.taeo-dev.com/dataset/traffic/1.Training/raw_data_231108_add/TS_%EC%B0%A8%EB%8C%80%EC%B0%A8_%EC%98%81%EC%83%81_%EC%A7%81%EC%84%A0%EB%8F%84%EB%A1%9C.zip,https://data.taeo-dev.com/dataset/traffic/1.Training/label_data_231108_add/TL_%EC%B0%A8%EB%8C%80%EC%B0%A8_%EC%98%81%EC%83%81_%EC%A7%81%EC%84%A0%EB%8F%84%EB%A1%9C.zip,TS_차대차_영상_직선도로.zip,TL_차대차_영상_직선도로.zip,bb_1_210529_vehicle_242_50607.mp4,bb_1_210529_vehicle_242_50607.json
1.Training,직선도로,bb_1_210706_vehicle_236_26983,1.Training/raw_data_231108_add/TS_차대차_영상_직선도로.zip,1.Training/label_data_231108_add/TL_차대차_영상_직선도로.zip,https://data.taeo-dev.com/dataset/traffic/1.Training/raw_data_231108_add/TS_%EC%B0%A8%EB%8C%80%EC%B0%A8_%EC%98%81%EC%83%81_%EC%A7%81%EC%84%A0%EB%8F%84%EB%A1%9C.zip,https://data.taeo-dev.com/dataset/traffic/1.Training/label_data_231108_add/TL_%EC%B0%A8%EB%8C%80%EC%B0%A8_%EC%98%81%EC%83%81_%EC%A7%81%EC%84%A0%EB%8F%84%EB%A1%9C.zip,TS_차대차_영상_직선도로.zip,TL_차대차_영상_직선도로.zip,bb_1_210706_vehicle_236_26983.mp4,bb_1_210706_vehicle_236_26983.json
1.Training,직선도로,bb_1_211101_vehicle_230_46060,1.Training/raw_data_231108_add/TS_차대차_영상_직선도로.zip,1.Training/label_data_231108_add/TL_차대차_영상_직선도로.zip,https://data.taeo-dev.com/dataset/traffic/1.Training/raw_data_231108_add/TS_%EC%B0%A8%EB%8C%80%EC%B0%A8_%EC%98%81%EC%83%81_%EC%A7%81%EC%84%A0%EB%8F%84%EB%A1%9C.zip,https://data.taeo-dev.com/dataset/traffic/1.Training/label_data_231108_add/TL_%EC%B0%A8%EB%8C%80%EC%B0%A8_%EC%98%81%EC%83%81_%EC%A7%81%EC%84%A0%EB%8F%84%EB%A1%9C.zip,TS_차대차_영상_직선도로.zip,TL_차대차_영상_직선도로.zip,bb_1_211101_vehicle_230_46060.mp4,bb_1_211101_vehicle_230_46060.json
1.Training,직선도로,bb_1_220416_vehicle_247_50634,1.Training/raw_data_231108_add/TS_차대차_영상_직선도로.zip,1.Training/label_data_231108_add/TL_차대차_영상_직선도로.zip,https://data.taeo-dev.com/dataset/traffic/1.Training/raw_data_231108_add/TS_%EC%B0%A8%EB%8C%80%EC%B0%A8_%EC%98%81%EC%83%81_%EC%A7%81%EC%84%A0%EB%8F%84%EB%A1%9C.zip,https://data.taeo-dev.com/dataset/traffic/1.Training/label_data_231108_add/TL_%EC%B0%A8%EB%8C%80%EC%B0%A8_%EC%98%81%EC%83%81_%EC%A7%81%EC%84%A0%EB%8F%84%EB%A1%9C.zip,TS_차대차_영상_직선도로.zip,TL_차대차_영상_직선도로.zip,bb_1_220416_vehicle_247_50634.mp4,bb_1_220416_vehicle_247_50634.json
1.Training,차도와차도가아닌장소,bb_1_150104_vehicle_241_43538,1.Training/raw_data_231108_add/TS_차대차_영상_차도와차도가아닌장소.zip,1.Training/label_data_231108_add/TL_차대차_영상_차도와차도가아닌장소.zip,https://data.taeo-dev.com/dataset/traffic/1.Training/raw_data_231108_add/TS_%EC%B0%A8%EB%8C%80%EC%B0%A8_%EC%98%81%EC%83%81_%EC%B0%A8%EB%8F%84%EC%99%80%EC%B0%A8%EB%8F%84%EA%B0%80%EC%95%84%EB%8B%8C%EC%9E%A5%EC%86%8C.zip,https://data.taeo-dev.com/dataset/traffic/1.Training/label_data_231108_add/TL_%EC%B0%A8%EB%8C%80%EC%B0%A8_%EC%98%81%EC%83%81_%EC%B0%A8%EB%8F%84%EC%99%80%EC%B0%A8%EB%8F%84%EA%B0%80%EC%95%84%EB%8B%8C%EC%9E%A5%EC%86%8C.zip,TS_차대차_영상_차도와차도가아닌장소.zip,TL_차대차_영상_차도와차도가아닌장소.zip,bb_1_150104_vehicle_241_43538.mp4,bb_1_150104_vehicle_241_43538.json
1.Training,차도와차도가아닌장소,bb_1_150803_vehicle_227_21872,1.Training/raw_data_231108_add/TS_차대차_영상_차도와차도가아닌장소.zip,1.Training/label_data_231108_add/TL_차대차_영상_차도와차도가아닌장소.zip,https://data.taeo-dev.com/dataset/traffic/1.Training/raw_data_231108_add/TS_%EC%B0%A8%EB%8C%80%EC%B0%A8_%EC%98%81%EC%83%81_%EC%B0%A8%EB%8F%84%EC%99%80%EC%B0%A8%EB%8F%84%EA%B0%80%EC%95%84%EB%8B%8C%EC%9E%A5%EC%86%8C.zip,https://data.taeo-dev.com/dataset/traffic/1.Training/label_data_231108_add/TL_%EC%B0%A8%EB%8C%80%EC%B0%A8_%EC%98%81%EC%83%81_%EC%B0%A8%EB%8F%84%EC%99%80%EC%B0%A8%EB%8F%84%EA%B0%80%EC%95%84%EB%8B%8C%EC%9E%A5%EC%86%8C.zip,TS_차대차_영상_차도와차도가아닌장소.zip,TL_차대차_영상_차도와차도가아닌장소.zip,bb_1_150803_vehicle_227_21872.mp4,bb_1_150803_vehicle_227_21872.json
1.Training,차도와차도가아닌장소,bb_1_170709_vehicle_240_22460,1.Training/raw_data_231108_add/TS_차대차_영상_차도와차도가아닌장소.zip,1.Training/label_data_231108_add/TL_차대차_영상_차도와차도가아닌장소.zip,https://data.taeo-dev.com/dataset/traffic/1.Training/raw_data_231108_add/TS_%EC%B0%A8%EB%8C%80%EC%B0%A8_%EC%98%81%EC%83%81_%EC%B0%A8%EB%8F%84%EC%99%80%EC%B0%A8%EB%8F%84%EA%B0%80%EC%95%84%EB%8B%8C%EC%9E%A5%EC%86%8C.zip,https://data.taeo-dev.com/dataset/traffic/1.Training/label_data_231108_add/TL_%EC%B0%A8%EB%8C%80%EC%B0%A8_%EC%98%81%EC%83%81_%EC%B0%A8%EB%8F%84%EC%99%80%EC%B0%A8%EB%8F%84%EA%B0%80%EC%95%84%EB%8B%8C%EC%9E%A5%EC%86%8C.zip,TS_차대차_영상_차도와차도가아닌장소.zip,TL_차대차_영상_차도와차도가아닌장소.zip,bb_1_170709_vehicle_240_22460.mp4,bb_1_170709_vehicle_240_22460.json
1.Training,차도와차도가아닌장소,bb_1_170802_vehicle_30_327,1.Training/raw_data_231108_add/TS_차대차_영상_차도와차도가아닌장소.zip,1.Training/label_data_231108_add/TL_차대차_영상_차도와차도가아닌장소.zip,https://data.taeo-dev.com/dataset/traffic/1.Training/raw_data_231108_add/TS_%EC%B0%A8%EB%8C%80%EC%B0%A8_%EC%98%81%EC%83%81_%EC%B0%A8%EB%8F%84%EC%99%80%EC%B0%A8%EB%8F%84%EA%B0%80%EC%95%84%EB%8B%8C%EC%9E%A5%EC%86%8C.zip,https://data.taeo-dev.com/dataset/traffic/1.Training/label_data_231108_add/TL_%EC%B0%A8%EB%8C%80%EC%B0%A8_%EC%98%81%EC%83%81_%EC%B0%A8%EB%8F%84%EC%99%80%EC%B0%A8%EB%8F%84%EA%B0%80%EC%95%84%EB%8B%8C%EC%9E%A5%EC%86%8C.zip,TS_차대차_영상_차도와차도가아닌장소.zip,TL_차대차_영상_차도와차도가아닌장소.zip,bb_1_170802_vehicle_30_327.mp4,bb_1_170802_vehicle_30_327.json
1.Training,차도와차도가아닌장소,bb_1_180308_vehicle_236_22299,1.Training/raw_data_231108_add/TS_차대차_영상_차도와차도가아닌장소.zip,1.Training/label_data_231108_add/TL_차대차_영상_차도와차도가아닌장소.zip,https://data.taeo-dev.com/dataset/traffic/1.Training/raw_data_231108_add/TS_%EC%B0%A8%EB%8C%80%EC%B0%A8_%EC%98%81%EC%83%81_%EC%B0%A8%EB%8F%84%EC%99%80%EC%B0%A8%EB%8F%84%EA%B0%80%EC%95%84%EB%8B%8C%EC%9E%A5%EC%86%8C.zip,https://data.taeo-dev.com/dataset/traffic/1.Training/label_data_231108_add/TL_%EC%B0%A8%EB%8C%80%EC%B0%A8_%EC%98%81%EC%83%81_%EC%B0%A8%EB%8F%84%EC%99%80%EC%B0%A8%EB%8F%84%EA%B0%80%EC%95%84%EB%8B%8C%EC%9E%A5%EC%86%8C.zip,TS_차대차_영상_차도와차도가아닌장소.zip,TL_차대차_영상_차도와차도가아닌장소.zip,bb_1_180308_vehicle_236_22299.mp4,bb_1_180308_vehicle_236_22299.json
1.Training,차도와차도가아닌장소,bb_1_180422_vehicle_240_22140,1.Training/raw_data_231108_add/TS_차대차_영상_차도와차도가아닌장소.zip,1.Training/label_data_231108_add/TL_차대차_영상_차도와차도가아닌장소.zip,https://data.taeo-dev.com/dataset/traffic/1.Training/raw_data_231108_add/TS_%EC%B0%A8%EB%8C%80%EC%B0%A8_%EC%98%81%EC%83%81_%EC%B0%A8%EB%8F%84%EC%99%80%EC%B0%A8%EB%8F%84%EA%B0%80%EC%95%84%EB%8B%8C%EC%9E%A5%EC%86%8C.zip,https://data.taeo-dev.com/dataset/traffic/1.Training/label_data_231108_add/TL_%EC%B0%A8%EB%8C%80%EC%B0%A8_%EC%98%81%EC%83%81_%EC%B0%A8%EB%8F%84%EC%99%80%EC%B0%A8%EB%8F%84%EA%B0%80%EC%95%84%EB%8B%8C%EC%9E%A5%EC%86%8C.zip,TS_차대차_영상_차도와차도가아닌장소.zip,TL_차대차_영상_차도와차도가아닌장소.zip,bb_1_180422_vehicle_240_22140.mp4,bb_1_180422_vehicle_240_22140.json
1.Training,차도와차도가아닌장소,bb_1_190302_vehicle_311_098,1.Training/raw_data_231108_add/TS_차대차_영상_차도와차도가아닌장소.zip,1.Training/label_data_231108_add/TL_차대차_영상_차도와차도가아닌장소.zip,https://data.taeo-dev.com/dataset/traffic/1.Training/raw_data_231108_add/TS_%EC%B0%A8%EB%8C%80%EC%B0%A8_%EC%98%81%EC%83%81_%EC%B0%A8%EB%8F%84%EC%99%80%EC%B0%A8%EB%8F%84%EA%B0%80%EC%95%84%EB%8B%8C%EC%9E%A5%EC%86%8C.zip,https://data.taeo-dev.com/dataset/traffic/1.Training/label_data_231108_add/TL_%EC%B0%A8%EB%8C%80%EC%B0%A8_%EC%98%81%EC%83%81_%EC%B0%A8%EB%8F%84%EC%99%80%EC%B0%A8%EB%8F%84%EA%B0%80%EC%95%84%EB%8B%8C%EC%9E%A5%EC%86%8C.zip,TS_차대차_영상_차도와차도가아닌장소.zip,TL_차대차_영상_차도와차도가아닌장소.zip,bb_1_190302_vehicle_311_098.mp4,bb_1_190302_vehicle_311_098.json
1.Training,차도와차도가아닌장소,bb_1_190402_vehicle_121_089,1.Training/raw_data_231108_add/TS_차대차_영상_차도와차도가아닌장소.zip,1.Training/label_data_231108_add/TL_차대차_영상_차도와차도가아닌장소.zip,https://data.taeo-dev.com/dataset/traffic/1.Training/raw_data_231108_add/TS_%EC%B0%A8%EB%8C%80%EC%B0%A8_%EC%98%81%EC%83%81_%EC%B0%A8%EB%8F%84%EC%99%80%EC%B0%A8%EB%8F%84%EA%B0%80%EC%95%84%EB%8B%8C%EC%9E%A5%EC%86%8C.zip,https://data.taeo-dev.com/dataset/traffic/1.Training/label_data_231108_add/TL_%EC%B0%A8%EB%8C%80%EC%B0%A8_%EC%98%81%EC%83%81_%EC%B0%A8%EB%8F%84%EC%99%80%EC%B0%A8%EB%8F%84%EA%B0%80%EC%95%84%EB%8B%8C%EC%9E%A5%EC%86%8C.zip,TS_차대차_영상_차도와차도가아닌장소.zip,TL_차대차_영상_차도와차도가아닌장소.zip,bb_1_190402_vehicle_121_089.mp4,bb_1_190402_vehicle_121_089.json
1.Training,차도와차도가아닌장소,bb_1_200805_vehicle_260_22290,1.Training/raw_data_231108_add/TS_차대차_영상_차도와차도가아닌장소.zip,1.Training/label_data_231108_add/TL_차대차_영상_차도와차도가아닌장소.zip,https://data.taeo-dev.com/dataset/traffic/1.Training/raw_data_231108_add/TS_%EC%B0%A8%EB%8C%80%EC%B0%A8_%EC%98%81%EC%83%81_%EC%B0%A8%EB%8F%84%EC%99%80%EC%B0%A8%EB%8F%84%EA%B0%80%EC%95%84%EB%8B%8C%EC%9E%A5%EC%86%8C.zip,https://data.taeo-dev.com/dataset/traffic/1.Training/label_data_231108_add/TL_%EC%B0%A8%EB%8C%80%EC%B0%A8_%EC%98%81%EC%83%81_%EC%B0%A8%EB%8F%84%EC%99%80%EC%B0%A8%EB%8F%84%EA%B0%80%EC%95%84%EB%8B%8C%EC%9E%A5%EC%86%8C.zip,TS_차대차_영상_차도와차도가아닌장소.zip,TL_차대차_영상_차도와차도가아닌장소.zip,bb_1_200805_vehicle_260_22290.mp4,bb_1_200805_vehicle_260_22290.json
1.Training,차도와차도가아닌장소,cc_3_200227_vehicle_235_47114,1.Training/raw_data_231108_add/TS_차대차_영상_차도와차도가아닌장소.zip,1.Training/label_data_231108_add/TL_차대차_영상_차도와차도가아닌장소.zip,https://data.taeo-dev.com/dataset/traffic/1.Training/raw_data_231108_add/TS_%EC%B0%A8%EB%8C%80%EC%B0%A8_%EC%98%81%EC%83%81_%EC%B0%A8%EB%8F%84%EC%99%80%EC%B0%A8%EB%8F%84%EA%B0%80%EC%95%84%EB%8B%8C%EC%9E%A5%EC%86%8C.zip,https://data.taeo-dev.com/dataset/traffic/1.Training/label_data_231108_add/TL_%EC%B0%A8%EB%8C%80%EC%B0%A8_%EC%98%81%EC%83%81_%EC%B0%A8%EB%8F%84%EC%99%80%EC%B0%A8%EB%8F%84%EA%B0%80%EC%95%84%EB%8B%8C%EC%9E%A5%EC%86%8C.zip,TS_차대차_영상_차도와차도가아닌장소.zip,TL_차대차_영상_차도와차도가아닌장소.zip,cc_3_200227_vehicle_235_47114.mp4,cc_3_200227_vehicle_235_47114.json
1.Training,회전교차로,bb_1_160708_vehicle_110_153,1.Training/raw_data_231108_add/TS_차대차_영상_회전교차로.zip,1.Training/label_data_231108_add/TL_차대차_영상_회전교차로.zip,https://data.taeo-dev.com/dataset/traffic/1.Training/raw_data_231108_add/TS_%EC%B0%A8%EB%8C%80%EC%B0%A8_%EC%98%81%EC%83%81_%ED%9A%8C%EC%A0%84%EA%B5%90%EC%B0%A8%EB%A1%9C.zip,https://data.taeo-dev.com/dataset/traffic/1.Training/label_data_231108_add/TL_%EC%B0%A8%EB%8C%80%EC%B0%A8_%EC%98%81%EC%83%81_%ED%9A%8C%EC%A0%84%EA%B5%90%EC%B0%A8%EB%A1%9C.zip,TS_차대차_영상_회전교차로.zip,TL_차대차_영상_회전교차로.zip,bb_1_160708_vehicle_110_153.mp4,bb_1_160708_vehicle_110_153.json
1.Training,회전교차로,bb_1_180625_vehicle_210_36680,1.Training/raw_data_231108_add/TS_차대차_영상_회전교차로.zip,1.Training/label_data_231108_add/TL_차대차_영상_회전교차로.zip,https://data.taeo-dev.com/dataset/traffic/1.Training/raw_data_231108_add/TS_%EC%B0%A8%EB%8C%80%EC%B0%A8_%EC%98%81%EC%83%81_%ED%9A%8C%EC%A0%84%EA%B5%90%EC%B0%A8%EB%A1%9C.zip,https://data.taeo-dev.com/dataset/traffic/1.Training/label_data_231108_add/TL_%EC%B0%A8%EB%8C%80%EC%B0%A8_%EC%98%81%EC%83%81_%ED%9A%8C%EC%A0%84%EA%B5%90%EC%B0%A8%EB%A1%9C.zip,TS_차대차_영상_회전교차로.zip,TL_차대차_영상_회전교차로.zip,bb_1_180625_vehicle_210_36680.mp4,bb_1_180625_vehicle_210_36680.json
1.Training,회전교차로,bb_1_181123_vehicle_237_21720,1.Training/raw_data_231108_add/TS_차대차_영상_회전교차로.zip,1.Training/label_data_231108_add/TL_차대차_영상_회전교차로.zip,https://data.taeo-dev.com/dataset/traffic/1.Training/raw_data_231108_add/TS_%EC%B0%A8%EB%8C%80%EC%B0%A8_%EC%98%81%EC%83%81_%ED%9A%8C%EC%A0%84%EA%B5%90%EC%B0%A8%EB%A1%9C.zip,https://data.taeo-dev.com/dataset/traffic/1.Training/label_data_231108_add/TL_%EC%B0%A8%EB%8C%80%EC%B0%A8_%EC%98%81%EC%83%81_%ED%9A%8C%EC%A0%84%EA%B5%90%EC%B0%A8%EB%A1%9C.zip,TS_차대차_영상_회전교차로.zip,TL_차대차_영상_회전교차로.zip,bb_1_181123_vehicle_237_21720.mp4,bb_1_181123_vehicle_237_21720.json
1.Training,회전교차로,bb_1_190612_vehicle_21_242,1.Training/raw_data_231108_add/TS_차대차_영상_회전교차로.zip,1.Training/label_data_231108_add/TL_차대차_영상_회전교차로.zip,https://data.taeo-dev.com/dataset/traffic/1.Training/raw_data_231108_add/TS_%EC%B0%A8%EB%8C%80%EC%B0%A8_%EC%98%81%EC%83%81_%ED%9A%8C%EC%A0%84%EA%B5%90%EC%B0%A8%EB%A1%9C.zip,https://data.taeo-dev.com/dataset/traffic/1.Training/label_data_231108_add/TL_%EC%B0%A8%EB%8C%80%EC%B0%A8_%EC%98%81%EC%83%81_%ED%9A%8C%EC%A0%84%EA%B5%90%EC%B0%A8%EB%A1%9C.zip,TS_차대차_영상_회전교차로.zip,TL_차대차_영상_회전교차로.zip,bb_1_190612_vehicle_21_242.mp4,bb_1_190612_vehicle_21_242.json
1.Training,회전교차로,bb_1_200120_vehicle_110_152,1.Training/raw_data_231108_add/TS_차대차_영상_회전교차로.zip,1.Training/label_data_231108_add/TL_차대차_영상_회전교차로.zip,https://data.taeo-dev.com/dataset/traffic/1.Training/raw_data_231108_add/TS_%EC%B0%A8%EB%8C%80%EC%B0%A8_%EC%98%81%EC%83%81_%ED%9A%8C%EC%A0%84%EA%B5%90%EC%B0%A8%EB%A1%9C.zip,https://data.taeo-dev.com/dataset/traffic/1.Training/label_data_231108_add/TL_%EC%B0%A8%EB%8C%80%EC%B0%A8_%EC%98%81%EC%83%81_%ED%9A%8C%EC%A0%84%EA%B5%90%EC%B0%A8%EB%A1%9C.zip,TS_차대차_영상_회전교차로.zip,TL_차대차_영상_회전교차로.zip,bb_1_200120_vehicle_110_152.mp4,bb_1_200120_vehicle_110_152.json
1.Training,회전교차로,bb_1_200212_vehicle_241_37926,1.Training/raw_data_231108_add/TS_차대차_영상_회전교차로.zip,1.Training/label_data_231108_add/TL_차대차_영상_회전교차로.zip,https://data.taeo-dev.com/dataset/traffic/1.Training/raw_data_231108_add/TS_%EC%B0%A8%EB%8C%80%EC%B0%A8_%EC%98%81%EC%83%81_%ED%9A%8C%EC%A0%84%EA%B5%90%EC%B0%A8%EB%A1%9C.zip,https://data.taeo-dev.com/dataset/traffic/1.Training/label_data_231108_add/TL_%EC%B0%A8%EB%8C%80%EC%B0%A8_%EC%98%81%EC%83%81_%ED%9A%8C%EC%A0%84%EA%B5%90%EC%B0%A8%EB%A1%9C.zip,TS_차대차_영상_회전교차로.zip,TL_차대차_영상_회전교차로.zip,bb_1_200212_vehicle_241_37926.mp4,bb_1_200212_vehicle_241_37926.json
1.Training,회전교차로,bb_1_220214_vehicle_44_214,1.Training/raw_data_231108_add/TS_차대차_영상_회전교차로.zip,1.Training/label_data_231108_add/TL_차대차_영상_회전교차로.zip,https://data.taeo-dev.com/dataset/traffic/1.Training/raw_data_231108_add/TS_%EC%B0%A8%EB%8C%80%EC%B0%A8_%EC%98%81%EC%83%81_%ED%9A%8C%EC%A0%84%EA%B5%90%EC%B0%A8%EB%A1%9C.zip,https://data.taeo-dev.com/dataset/traffic/1.Training/label_data_231108_add/TL_%EC%B0%A8%EB%8C%80%EC%B0%A8_%EC%98%81%EC%83%81_%ED%9A%8C%EC%A0%84%EA%B5%90%EC%B0%A8%EB%A1%9C.zip,TS_차대차_영상_회전교차로.zip,TL_차대차_영상_회전교차로.zip,bb_1_220214_vehicle_44_214.mp4,bb_1_220214_vehicle_44_214.json
1.Training,회전교차로,bb_1_220322_vehicle_189_101,1.Training/raw_data_231108_add/TS_차대차_영상_회전교차로.zip,1.Training/label_data_231108_add/TL_차대차_영상_회전교차로.zip,https://data.taeo-dev.com/dataset/traffic/1.Training/raw_data_231108_add/TS_%EC%B0%A8%EB%8C%80%EC%B0%A8_%EC%98%81%EC%83%81_%ED%9A%8C%EC%A0%84%EA%B5%90%EC%B0%A8%EB%A1%9C.zip,https://data.taeo-dev.com/dataset/traffic/1.Training/label_data_231108_add/TL_%EC%B0%A8%EB%8C%80%EC%B0%A8_%EC%98%81%EC%83%81_%ED%9A%8C%EC%A0%84%EA%B5%90%EC%B0%A8%EB%A1%9C.zip,TS_차대차_영상_회전교차로.zip,TL_차대차_영상_회전교차로.zip,bb_1_220322_vehicle_189_101.mp4,bb_1_220322_vehicle_189_101.json
1.Training,회전교차로,bb_1_220502_vehicle_142_017,1.Training/raw_data_231108_add/TS_차대차_영상_회전교차로.zip,1.Training/label_data_231108_add/TL_차대차_영상_회전교차로.zip,https://data.taeo-dev.com/dataset/traffic/1.Training/raw_data_231108_add/TS_%EC%B0%A8%EB%8C%80%EC%B0%A8_%EC%98%81%EC%83%81_%ED%9A%8C%EC%A0%84%EA%B5%90%EC%B0%A8%EB%A1%9C.zip,https://data.taeo-dev.com/dataset/traffic/1.Training/label_data_231108_add/TL_%EC%B0%A8%EB%8C%80%EC%B0%A8_%EC%98%81%EC%83%81_%ED%9A%8C%EC%A0%84%EA%B5%90%EC%B0%A8%EB%A1%9C.zip,TS_차대차_영상_회전교차로.zip,TL_차대차_영상_회전교차로.zip,bb_1_220502_vehicle_142_017.mp4,bb_1_220502_vehicle_142_017.json
1.Training,회전교차로,bb_1_220706_vehicle_196_019,1.Training/raw_data_231108_add/TS_차대차_영상_회전교차로.zip,1.Training/label_data_231108_add/TL_차대차_영상_회전교차로.zip,https://data.taeo-dev.com/dataset/traffic/1.Training/raw_data_231108_add/TS_%EC%B0%A8%EB%8C%80%EC%B0%A8_%EC%98%81%EC%83%81_%ED%9A%8C%EC%A0%84%EA%B5%90%EC%B0%A8%EB%A1%9C.zip,https://data.taeo-dev.com/dataset/traffic/1.Training/label_data_231108_add/TL_%EC%B0%A8%EB%8C%80%EC%B0%A8_%EC%98%81%EC%83%81_%ED%9A%8C%EC%A0%84%EA%B5%90%EC%B0%A8%EB%A1%9C.zip,TS_차대차_영상_회전교차로.zip,TL_차대차_영상_회전교차로.zip,bb_1_220706_vehicle_196_019.mp4,bb_1_220706_vehicle_196_019.json
